district,pct_white_nh,pct_black,pct_hispanic,pct_asian,pct_other,pct_college,pct_white_nh_college,pct_white_nh_non_college,pct_nonwhite_college,pct_nonwhite_non_college,pct_under_30,pct_30_44,pct_45_64,pct_65_plus,median_age,median_income,total_population,source
AK-AL,58.33,2.97,7.15,6.33,25.22,31.24,24.31,39.82,6.94,28.94,22.25,28.76,31.38,17.61,35.6,89336.0,733971.0,ACS_2023_5yr
AL-01,67.08,23.66,3.26,1.51,4.49,26.74,20.79,48.21,5.95,25.05,18.5,24.21,33.06,24.23,41.2,65923.0,717754.0,DRA_VAP_NH_2020+ACS_tract_new_lines
AL-02,52.5,38.64,3.74,1.78,3.34,24.15,14.96,38.72,9.19,37.13,20.71,24.49,32.27,22.54,39.5,59491.0,717755.0,DRA_VAP_NH_2020+ACS_tract_new_lines
AL-03,71.76,19.83,3.12,1.78,3.52,23.47,18.59,55.32,4.87,21.22,21.37,23.32,32.72,22.58,40.3,61155.0,717754.0,DRA_VAP_NH_2020+ACS_tract_new_lines
AL-04,82.83,6.69,6.1,0.61,3.77,20.58,18.32,66.95,2.26,12.48,19.03,23.18,33.68,24.1,40.8,61156.0,717754.0,DRA_VAP_NH_2020+ACS_tract_new_lines
AL-05,70.27,17.2,5.3,1.88,5.35,35.53,27.05,45.65,8.47,18.82,19.67,25.01,34.12,21.21,40.3,82319.0,717754.0,DRA_VAP_NH_2020+ACS_tract_new_lines
AL-06,71.65,18.48,4.68,1.79,3.41,38.48,30.63,42.51,7.85,19.0,18.67,26.48,33.43,21.42,39.9,87907.0,717754.0,DRA_VAP_NH_2020+ACS_tract_new_lines
AL-07,42.7,49.51,3.66,1.36,2.77,25.02,13.74,28.23,11.28,46.74,24.86,23.13,30.42,21.59,38.7,55681.0,717754.0,DRA_VAP_NH_2020+ACS_tract_new_lines
AR-01,73.81,16.79,4.09,0.58,4.73,17.67,15.01,62.4,2.66,19.92,18.68,24.16,32.75,24.41,39.9,51951.0,753522.0,ACS_2023_5yr
AR-02,67.53,20.43,6.11,1.58,4.35,32.71,24.79,47.05,7.92,20.24,20.98,25.38,31.54,22.1,38.2,62987.0,755024.0,ACS_2023_5yr
AR-03,64.32,2.75,16.83,3.25,12.84,31.59,24.65,45.14,6.94,23.27,23.08,27.47,30.38,19.07,35.6,71397.0,770992.0,ACS_2023_5yr
AR-04,67.89,19.64,7.85,0.69,3.94,18.71,14.8,57.18,3.91,24.11,19.29,22.99,32.93,24.79,40.6,51058.0,753113.0,ACS_2023_5yr
AZ-01,69.5,3.49,16.77,4.4,5.84,51.28,41.0,33.54,10.28,15.17,17.3,24.01,33.26,25.43,43.4,95281.0,800544.0,ACS_2023_5yr
AZ-02,55.11,2.35,17.78,1.16,23.6,25.54,19.77,41.65,5.77,32.81,19.34,21.7,30.24,28.72,42.1,64884.0,811584.0,ACS_2023_5yr
AZ-03,19.73,10.06,63.21,2.14,4.86,19.32,9.24,16.07,10.08,64.61,28.41,30.78,29.27,11.53,31.1,64537.0,803591.0,ACS_2023_5yr
AZ-04,56.13,5.38,26.18,5.37,6.94,38.39,26.0,35.91,12.39,25.7,26.77,26.5,28.1,18.63,35.0,79335.0,803744.0,ACS_2023_5yr
AZ-05,67.0,3.41,17.89,5.69,6.01,40.22,29.13,42.19,11.09,17.59,17.45,27.37,33.31,21.88,38.8,105750.0,812986.0,ACS_2023_5yr
AZ-06,62.67,3.45,24.99,2.9,5.99,38.9,29.66,38.86,9.24,22.24,17.83,21.15,29.15,31.87,44.5,75244.0,798431.0,ACS_2023_5yr
AZ-07,29.1,3.36,60.06,1.8,5.69,21.6,11.64,22.93,9.96,55.47,27.21,25.31,28.48,18.99,34.0,58120.0,804461.0,ACS_2023_5yr
AZ-08,63.93,3.92,21.47,4.72,5.96,32.21,24.14,46.19,8.07,21.59,16.79,23.17,31.21,28.83,43.0,79643.0,796518.0,ACS_2023_5yr
AZ-09,57.07,4.1,31.05,1.96,5.82,22.59,15.79,48.3,6.79,29.12,17.93,24.17,31.17,26.73,40.7,76350.0,836316.0,ACS_2023_5yr
CA-01,64.54,1.7,22.92,3.65,7.19,28.51,22.53,44.91,5.99,26.57,19.97,24.14,30.74,25.16,41.3,83183.0,765487.0,DRA_VAP_NH_2020+ACS_tract_new_lines
CA-02,72.95,1.63,13.05,4.16,8.2,39.81,32.48,43.15,7.33,17.04,15.86,21.95,33.58,28.61,45.2,99999.0,765001.0,DRA_VAP_NH_2020+ACS_tract_new_lines
CA-03,60.99,5.18,16.46,10.39,6.98,37.33,26.37,36.35,10.96,26.32,17.5,25.91,32.39,24.2,42.1,97694.0,763291.0,DRA_VAP_NH_2020+ACS_tract_new_lines
CA-04,54.61,2.18,27.46,9.76,5.99,32.75,21.96,35.36,10.8,31.89,22.62,24.35,30.39,22.63,39.3,96620.0,758116.0,DRA_VAP_NH_2020+ACS_tract_new_lines
CA-05,59.46,2.45,25.5,6.15,6.45,28.56,19.45,42.12,9.11,29.33,17.83,25.14,32.36,24.68,41.1,91606.0,770847.0,DRA_VAP_NH_2020+ACS_tract_new_lines
CA-06,54.53,6.54,19.82,11.83,7.27,34.22,20.5,35.91,13.72,29.87,19.87,29.15,31.78,19.2,38.1,98520.0,757442.0,DRA_VAP_NH_2020+ACS_tract_new_lines
CA-07,43.92,8.22,20.72,19.82,7.32,35.66,19.07,27.2,16.59,37.14,19.03,26.85,32.5,21.62,40.1,104216.0,758734.0,DRA_VAP_NH_2020+ACS_tract_new_lines
CA-08,33.53,13.36,28.01,18.36,6.74,32.14,14.06,21.56,18.08,46.3,19.44,27.36,31.91,21.29,39.6,104871.0,764945.0,DRA_VAP_NH_2020+ACS_tract_new_lines
CA-09,29.07,11.15,34.46,19.28,6.03,23.32,8.18,23.09,15.14,53.6,22.12,27.77,32.3,17.81,36.3,101500.0,762401.0,DRA_VAP_NH_2020+ACS_tract_new_lines
CA-10,52.85,3.82,17.92,19.72,5.69,53.0,30.31,23.11,22.69,23.89,15.84,25.62,35.64,22.9,42.4,157751.0,759118.0,DRA_VAP_NH_2020+ACS_tract_new_lines
CA-11,44.64,5.17,13.19,31.34,5.66,64.09,34.51,9.28,29.58,26.64,19.06,32.98,28.39,19.57,40.6,151067.0,759192.0,DRA_VAP_NH_2020+ACS_tract_new_lines
CA-12,35.19,15.48,21.18,21.78,6.37,53.58,27.9,9.18,25.68,37.24,21.79,30.25,29.21,18.74,38.4,113792.0,758548.0,DRA_VAP_NH_2020+ACS_tract_new_lines
CA-13,24.33,3.74,60.48,7.57,3.88,12.92,5.39,20.39,7.53,66.68,25.35,29.3,29.78,15.56,32.0,69907.0,758808.0,DRA_VAP_NH_2020+ACS_tract_new_lines
CA-14,27.03,4.76,21.73,40.89,5.58,49.78,13.2,13.87,36.58,36.35,16.57,30.72,34.28,18.43,40.2,152972.0,760582.0,DRA_VAP_NH_2020+ACS_tract_new_lines
CA-15,30.18,2.69,24.65,37.11,5.37,48.39,18.73,12.15,29.66,39.46,17.43,28.39,33.28,20.89,40.8,152690.0,759058.0,DRA_VAP_NH_2020+ACS_tract_new_lines
CA-16,45.28,1.96,18.08,29.95,4.72,61.92,32.0,13.63,29.92,24.45,18.29,26.0,34.28,21.44,41.2,172834.0,758780.0,DRA_VAP_NH_2020+ACS_tract_new_lines
CA-17,23.36,2.1,15.82,54.97,3.74,63.41,14.45,9.06,48.96,27.53,21.46,32.59,30.21,15.74,37.8,178171.0,758885.0,DRA_VAP_NH_2020+ACS_tract_new_lines
CA-18,22.04,2.06,61.12,11.45,3.32,23.24,9.38,14.01,13.86,62.75,23.7,28.6,31.28,16.42,35.0,105399.0,770826.0,DRA_VAP_NH_2020+ACS_tract_new_lines
CA-19,51.71,2.23,21.98,18.6,5.48,47.03,28.25,25.33,18.78,27.64,20.2,23.47,32.66,23.67,42.3,134899.0,758545.0,DRA_VAP_NH_2020+ACS_tract_new_lines
CA-20,51.34,3.13,33.88,6.27,5.39,25.87,15.29,36.78,10.58,37.35,20.88,28.6,31.11,19.41,36.3,89246.0,762909.0,DRA_VAP_NH_2020+ACS_tract_new_lines
CA-21,22.68,4.61,59.63,9.69,3.39,17.23,7.51,18.23,9.72,64.55,25.16,29.63,28.63,16.57,32.1,63654.0,756411.0,DRA_VAP_NH_2020+ACS_tract_new_lines
CA-22,17.02,5.23,69.81,5.19,2.75,10.92,3.7,15.31,7.22,73.77,27.72,29.88,28.99,13.41,30.3,60676.0,778145.0,DRA_VAP_NH_2020+ACS_tract_new_lines
CA-23,43.54,8.01,38.73,4.42,5.3,19.01,10.56,33.75,8.44,47.24,21.08,27.97,31.41,19.54,36.3,76111.0,769312.0,DRA_VAP_NH_2020+ACS_tract_new_lines
CA-24,54.04,1.68,34.0,5.54,4.74,38.5,28.3,28.63,10.2,32.87,26.44,22.36,28.44,22.77,39.3,99227.0,764734.0,DRA_VAP_NH_2020+ACS_tract_new_lines
CA-25,33.29,3.69,56.17,3.46,3.4,22.25,12.53,23.17,9.72,54.59,20.64,24.8,29.34,25.23,39.4,73064.0,763761.0,DRA_VAP_NH_2020+ACS_tract_new_lines
CA-26,46.61,2.25,38.01,8.93,4.2,38.55,24.09,23.52,14.47,37.93,19.56,25.16,33.76,21.52,40.2,119600.0,758413.0,DRA_VAP_NH_2020+ACS_tract_new_lines
CA-27,34.37,9.47,42.36,9.51,4.29,28.59,13.44,22.17,15.15,49.24,20.8,27.15,34.88,17.18,37.0,99664.0,760129.0,DRA_VAP_NH_2020+ACS_tract_new_lines
CA-28,28.14,3.93,25.71,39.04,3.18,46.38,16.25,12.55,30.13,41.07,16.2,25.58,34.5,23.72,43.3,110721.0,758019.0,DRA_VAP_NH_2020+ACS_tract_new_lines
CA-29,25.12,4.08,59.58,8.51,2.71,25.51,11.36,14.3,14.15,60.19,22.84,29.31,31.9,15.95,36.6,78533.0,757430.0,DRA_VAP_NH_2020+ACS_tract_new_lines
CA-30,57.06,3.5,21.98,12.88,4.58,50.34,31.02,25.5,19.32,24.16,18.84,31.75,30.16,19.24,40.5,95621.0,758223.0,DRA_VAP_NH_2020+ACS_tract_new_lines
CA-31,20.9,3.41,53.16,19.72,2.8,29.05,7.41,13.13,21.64,57.82,20.91,25.87,33.38,19.84,39.3,98387.0,758733.0,DRA_VAP_NH_2020+ACS_tract_new_lines
CA-32,55.84,3.75,22.79,12.85,4.77,50.86,32.88,23.57,17.98,25.56,18.58,26.38,33.45,21.59,41.8,126471.0,758634.0,DRA_VAP_NH_2020+ACS_tract_new_lines
CA-33,20.83,10.44,57.08,8.16,3.49,22.65,7.43,14.14,15.22,63.21,25.31,29.52,30.73,14.44,33.5,90536.0,757177.0,DRA_VAP_NH_2020+ACS_tract_new_lines
CA-34,12.37,4.46,61.62,19.02,2.53,28.6,8.24,4.79,20.35,66.61,23.35,30.88,29.61,16.16,36.5,67664.0,757694.0,DRA_VAP_NH_2020+ACS_tract_new_lines
CA-35,20.96,6.34,55.37,14.05,3.28,26.6,7.74,14.12,18.86,59.28,23.88,28.93,32.52,14.67,35.4,99387.0,765081.0,DRA_VAP_NH_2020+ACS_tract_new_lines
CA-36,57.55,3.5,15.46,17.73,5.76,66.5,41.21,16.95,25.29,16.55,19.86,27.62,31.38,21.14,41.5,136255.0,758224.0,DRA_VAP_NH_2020+ACS_tract_new_lines
CA-37,14.6,23.62,50.34,7.32,4.13,28.83,9.78,4.69,19.05,66.48,25.43,29.27,29.88,15.42,35.6,70603.0,755317.0,DRA_VAP_NH_2020+ACS_tract_new_lines
CA-38,14.63,1.14,56.61,25.74,1.88,28.07,6.47,8.76,21.6,63.17,20.02,24.77,34.17,21.03,40.0,95408.0,757523.0,DRA_VAP_NH_2020+ACS_tract_new_lines
CA-39,22.42,8.72,58.54,6.6,3.73,19.51,6.79,17.22,12.72,63.27,27.19,28.43,30.02,14.36,33.6,91138.0,756504.0,DRA_VAP_NH_2020+ACS_tract_new_lines
CA-40,50.59,4.17,28.95,11.18,5.12,36.56,20.33,30.58,16.24,32.86,18.43,26.23,35.36,19.98,40.1,129096.0,758355.0,DRA_VAP_NH_2020+ACS_tract_new_lines
CA-41,23.95,3.85,57.78,11.14,3.28,28.79,9.58,15.9,19.21,55.31,20.64,27.0,33.3,19.06,38.3,100351.0,757743.0,DRA_VAP_NH_2020+ACS_tract_new_lines
CA-42,48.59,5.46,28.49,12.22,5.24,44.27,27.04,23.02,17.23,32.71,20.74,26.91,32.18,20.17,40.6,107649.0,757992.0,DRA_VAP_NH_2020+ACS_tract_new_lines
CA-43,7.96,24.98,54.07,9.33,3.65,22.09,3.82,4.67,18.28,73.24,22.98,28.61,32.69,15.71,35.6,74851.0,754875.0,DRA_VAP_NH_2020+ACS_tract_new_lines
CA-44,9.36,9.71,67.77,10.11,3.05,18.44,3.38,6.67,15.06,74.88,22.66,27.87,32.82,16.66,36.4,78132.0,757709.0,DRA_VAP_NH_2020+ACS_tract_new_lines
CA-45,22.0,2.41,31.65,40.59,3.35,34.12,9.01,14.5,25.11,51.37,20.13,24.49,34.66,20.71,40.3,101783.0,758321.0,DRA_VAP_NH_2020+ACS_tract_new_lines
CA-46,20.17,1.96,59.81,15.28,2.78,23.86,7.98,13.1,15.88,63.04,25.05,28.28,31.33,15.33,34.9,91111.0,757683.0,DRA_VAP_NH_2020+ACS_tract_new_lines
CA-47,49.34,1.75,16.72,27.23,4.96,60.89,31.36,19.56,29.53,19.55,20.2,26.24,33.12,20.44,40.9,135936.0,759243.0,DRA_VAP_NH_2020+ACS_tract_new_lines
CA-48,47.35,3.88,35.93,7.43,5.41,31.22,19.08,29.44,12.14,39.34,18.62,27.27,32.22,21.9,39.5,97555.0,758048.0,DRA_VAP_NH_2020+ACS_tract_new_lines
CA-49,60.28,2.11,19.65,12.53,5.44,55.6,37.36,23.36,18.24,21.04,20.54,25.12,33.72,20.62,40.2,140026.0,758652.0,DRA_VAP_NH_2020+ACS_tract_new_lines
CA-50,57.43,2.8,16.71,16.98,6.09,54.85,34.98,23.87,19.88,21.27,22.98,27.97,28.95,20.1,39.5,125087.0,759364.0,DRA_VAP_NH_2020+ACS_tract_new_lines
CA-51,53.98,6.42,24.41,8.81,6.38,39.91,25.48,30.11,14.42,29.98,22.71,29.62,28.88,18.78,37.8,97504.0,758012.0,DRA_VAP_NH_2020+ACS_tract_new_lines
CA-52,17.57,7.04,57.47,13.97,3.94,24.74,7.06,12.74,17.69,62.52,22.62,29.11,31.04,17.23,36.6,90656.0,761247.0,DRA_VAP_NH_2020+ACS_tract_new_lines
CO-01,54.58,8.52,27.9,3.5,5.5,55.65,43.07,17.89,12.58,26.46,24.12,34.93,25.96,14.99,35.1,91539.0,719744.0,ACS_2023_5yr
CO-02,76.54,0.82,14.14,3.34,5.17,58.77,50.56,29.81,8.21,11.43,26.1,24.8,29.82,19.28,37.5,98770.0,721105.0,ACS_2023_5yr
CO-03,67.44,0.85,25.9,0.77,5.05,32.31,26.85,45.54,5.46,22.15,17.85,24.31,31.8,26.03,41.6,69034.0,726135.0,ACS_2023_5yr
CO-04,75.72,1.67,14.53,3.42,4.66,47.03,39.11,39.87,7.92,13.1,17.57,27.65,35.12,19.66,39.4,111866.0,741771.0,ACS_2023_5yr
CO-05,66.2,5.58,18.44,2.78,6.99,41.28,32.5,38.68,8.78,20.04,24.52,28.18,29.5,17.79,34.9,87559.0,726912.0,ACS_2023_5yr
CO-06,56.51,9.93,22.37,5.52,5.66,44.64,33.73,28.93,10.91,26.43,20.28,29.61,31.6,18.51,37.3,96286.0,723968.0,ACS_2023_5yr
CO-07,75.93,1.19,15.39,2.97,4.51,48.2,41.08,38.13,7.12,13.67,17.69,27.44,32.66,22.21,41.2,100667.0,721623.0,ACS_2023_5yr
CO-08,52.16,1.89,39.12,2.94,3.9,28.8,21.79,36.92,7.01,34.29,22.62,31.07,30.5,15.81,34.7,91509.0,729516.0,ACS_2023_5yr
CT-01,57.37,14.48,18.17,5.75,4.23,39.16,27.55,34.43,11.6,26.41,19.86,24.83,33.0,22.31,40.4,86832.0,717481.0,ACS_2023_5yr
CT-02,78.5,3.35,9.85,3.48,4.82,38.86,33.31,49.29,5.54,11.86,19.34,22.12,34.45,24.09,42.6,95502.0,716835.0,ACS_2023_5yr
CT-03,60.91,12.97,17.52,4.29,4.32,39.78,29.41,36.93,10.37,23.29,20.58,23.41,33.08,22.93,40.9,87886.0,718781.0,ACS_2023_5yr
CT-04,56.46,10.79,22.39,5.96,4.4,53.62,39.6,19.97,14.02,26.41,18.69,24.63,35.87,20.8,40.4,115865.0,722755.0,ACS_2023_5yr
CT-05,61.67,7.79,21.03,4.06,5.46,38.62,29.94,37.49,8.68,23.89,18.22,23.51,34.87,23.4,42.0,88995.0,722496.0,ACS_2023_5yr
DE-AL,59.01,21.39,10.72,4.08,4.8,35.28,24.35,40.02,10.93,24.7,18.46,23.59,32.65,25.3,41.5,82855.0,1005872.0,ACS_2023_5yr
FL-01,72.16,12.15,6.69,2.93,6.08,31.45,25.0,48.69,6.45,19.87,20.6,25.38,32.11,21.9,39.6,78118.0,769221.0,DRA_VAP_NH_2020+ACS_tract_new_lines
FL-02,65.48,21.78,6.42,2.1,4.21,30.75,22.32,44.81,8.43,24.44,23.82,23.72,30.71,21.75,40.1,66224.0,769221.0,DRA_VAP_NH_2020+ACS_tract_new_lines
FL-03,67.73,14.51,10.64,3.2,3.92,28.24,19.82,49.08,8.42,22.68,22.91,22.4,28.83,25.86,41.6,62287.0,769221.0,DRA_VAP_NH_2020+ACS_tract_new_lines
FL-04,55.33,29.6,7.82,2.73,4.53,26.46,16.6,40.27,9.86,33.27,18.84,26.42,33.92,20.82,39.5,73635.0,769221.0,DRA_VAP_NH_2020+ACS_tract_new_lines
FL-05,67.49,11.08,10.86,5.88,4.69,44.43,32.03,36.39,12.4,19.18,19.68,26.9,31.92,21.51,40.1,95180.0,769221.0,DRA_VAP_NH_2020+ACS_tract_new_lines
FL-06,74.76,9.96,9.78,1.57,3.93,24.73,19.68,56.63,5.06,18.63,15.34,19.04,32.08,33.54,48.0,64057.0,769221.0,DRA_VAP_NH_2020+ACS_tract_new_lines
FL-07,64.59,8.42,18.97,3.88,4.13,36.11,24.31,41.36,11.8,22.53,17.34,25.0,33.19,24.47,42.7,84446.0,769221.0,DRA_VAP_NH_2020+ACS_tract_new_lines
FL-08,68.49,8.96,14.24,3.54,4.77,35.3,25.41,44.19,9.89,20.51,19.85,21.15,32.99,26.01,44.2,82272.0,769220.0,DRA_VAP_NH_2020+ACS_tract_new_lines
FL-09,49.16,7.98,36.39,2.86,3.6,29.42,15.53,35.05,13.89,35.53,16.74,24.9,31.77,26.58,43.4,72455.0,769221.0,DRA_VAP_NH_2020+ACS_tract_new_lines
FL-10,35.83,24.37,30.41,4.29,5.1,33.48,17.06,19.19,16.42,47.34,23.68,29.25,30.42,16.65,36.7,70333.0,769221.0,DRA_VAP_NH_2020+ACS_tract_new_lines
FL-11,61.82,8.99,19.82,4.47,4.9,36.93,24.29,38.39,12.64,24.68,14.46,23.4,30.48,31.66,46.1,90693.0,769221.0,DRA_VAP_NH_2020+ACS_tract_new_lines
FL-12,58.89,8.48,24.81,3.87,3.95,33.18,21.32,38.19,11.86,28.63,17.95,25.7,33.25,23.1,41.8,78392.0,769221.0,DRA_VAP_NH_2020+ACS_tract_new_lines
FL-13,76.87,5.17,10.28,3.62,4.05,33.63,27.15,50.54,6.48,15.83,14.69,21.31,34.03,29.97,48.0,73532.0,769221.0,DRA_VAP_NH_2020+ACS_tract_new_lines
FL-14,55.17,10.89,26.02,3.73,4.19,37.23,23.42,32.88,13.81,29.89,18.32,28.08,33.27,20.33,40.1,90435.0,769221.0,DRA_VAP_NH_2020+ACS_tract_new_lines
FL-15,63.91,13.06,14.95,4.04,4.04,27.27,16.87,48.02,10.4,24.72,18.98,22.46,30.46,28.1,44.0,67927.0,769221.0,DRA_VAP_NH_2020+ACS_tract_new_lines
FL-16,70.67,10.81,12.91,2.17,3.43,34.69,28.03,44.81,6.66,20.5,14.68,19.83,32.91,32.59,48.4,78489.0,769221.0,DRA_VAP_NH_2020+ACS_tract_new_lines
FL-17,78.12,5.93,11.0,1.68,3.27,32.5,27.86,51.15,4.64,16.35,12.34,16.63,29.88,41.15,53.2,75334.0,769221.0,DRA_VAP_NH_2020+ACS_tract_new_lines
FL-18,56.25,13.03,24.92,2.02,3.78,23.68,14.73,41.29,8.95,35.03,19.63,25.52,30.38,24.47,40.0,66607.0,769221.0,DRA_VAP_NH_2020+ACS_tract_new_lines
FL-19,72.6,4.03,18.92,1.66,2.79,35.78,29.53,43.46,6.25,20.76,13.2,17.45,30.83,38.52,51.6,83863.0,769221.0,DRA_VAP_NH_2020+ACS_tract_new_lines
FL-20,30.12,38.84,23.26,2.86,4.92,28.25,11.08,18.39,17.17,53.36,18.32,26.4,32.7,22.58,41.0,66396.0,769221.0,DRA_VAP_NH_2020+ACS_tract_new_lines
FL-21,67.52,11.62,15.07,2.24,3.55,35.26,26.63,41.19,8.63,23.55,14.4,20.46,32.83,32.32,47.7,88319.0,769221.0,DRA_VAP_NH_2020+ACS_tract_new_lines
FL-22,48.96,11.73,30.99,4.09,4.22,40.54,22.23,26.99,18.3,32.47,17.02,23.72,35.99,23.28,42.6,105968.0,769221.0,DRA_VAP_NH_2020+ACS_tract_new_lines
FL-23,47.58,21.09,25.9,2.41,3.03,32.29,20.26,26.89,12.03,40.82,16.73,22.99,29.97,30.31,45.3,75351.0,769221.0,DRA_VAP_NH_2020+ACS_tract_new_lines
FL-24,11.6,43.09,40.92,1.57,2.82,23.11,4.68,6.75,18.43,70.14,19.95,28.22,32.23,19.61,38.8,60579.0,769221.0,DRA_VAP_NH_2020+ACS_tract_new_lines
FL-25,58.99,5.74,27.74,2.49,5.05,48.21,30.6,26.78,17.61,25.01,14.42,21.72,33.4,30.46,47.9,86013.0,769221.0,DRA_VAP_NH_2020+ACS_tract_new_lines
FL-26,12.54,7.94,74.27,3.2,2.06,34.29,5.5,6.94,28.78,58.77,17.13,25.46,36.64,20.77,42.7,84331.0,769221.0,DRA_VAP_NH_2020+ACS_tract_new_lines
FL-27,16.79,4.75,74.28,2.01,2.18,42.18,10.0,5.16,32.17,52.66,17.81,25.76,34.08,22.35,42.8,90977.0,769221.0,DRA_VAP_NH_2020+ACS_tract_new_lines
FL-28,15.32,7.98,73.25,1.64,1.8,29.47,6.21,9.65,23.26,60.88,18.22,25.56,35.39,20.83,41.5,79632.0,769221.0,DRA_VAP_NH_2020+ACS_tract_new_lines
GA-01,57.06,28.37,7.99,1.81,4.76,27.9,19.3,41.86,8.6,30.23,22.42,26.3,30.66,20.62,36.8,66773.0,778015.0,ACS_2023_5yr
GA-02,39.3,49.58,6.05,1.33,3.74,21.35,11.68,31.59,9.67,47.06,22.08,24.97,31.46,21.49,37.2,50799.0,757600.0,ACS_2023_5yr
GA-03,64.23,23.54,6.39,1.95,3.9,28.65,20.53,47.26,8.12,24.09,19.34,24.36,34.76,21.54,39.2,77091.0,775231.0,ACS_2023_5yr
GA-04,25.64,53.32,11.11,5.6,4.32,40.88,17.45,11.67,23.42,47.45,21.4,28.53,32.84,17.23,36.3,74234.0,770385.0,ACS_2023_5yr
GA-05,36.01,47.91,7.48,4.43,4.17,54.9,31.18,7.94,23.73,37.16,26.23,30.21,27.7,15.86,35.0,80691.0,759666.0,ACS_2023_5yr
GA-06,63.53,8.84,10.64,11.99,5.0,59.12,39.04,27.63,20.08,13.25,16.05,27.72,38.02,18.22,40.0,126645.0,776224.0,ACS_2023_5yr
GA-07,29.75,28.87,23.41,13.57,4.4,40.93,17.01,17.0,23.93,42.07,21.09,27.9,36.08,14.93,36.1,84338.0,769543.0,ACS_2023_5yr
GA-08,57.6,29.66,7.6,1.54,3.6,23.04,16.49,45.13,6.55,31.83,21.88,25.41,31.8,20.9,37.4,60479.0,768869.0,ACS_2023_5yr
GA-09,64.09,9.99,16.21,6.0,3.71,30.29,21.53,47.83,8.77,21.87,19.41,23.28,34.49,22.82,40.4,76846.0,779431.0,ACS_2023_5yr
GA-10,62.16,23.6,8.27,2.29,3.69,29.64,21.29,44.35,8.35,26.01,23.08,25.15,32.28,19.49,37.2,74442.0,789054.0,ACS_2023_5yr
GA-11,61.03,16.78,13.19,3.84,5.16,42.7,28.75,36.29,13.95,21.02,21.82,27.14,32.99,18.05,37.3,92055.0,779392.0,ACS_2023_5yr
GA-12,51.76,36.31,5.82,1.71,4.4,23.95,15.46,39.52,8.49,36.54,22.44,25.7,31.29,20.57,37.0,59575.0,768903.0,ACS_2023_5yr
GA-13,16.37,64.25,12.3,3.37,3.71,30.67,6.12,13.56,24.55,55.78,21.46,28.57,34.31,15.66,35.7,72951.0,775125.0,ACS_2023_5yr
GA-14,68.1,13.66,13.25,1.17,3.83,23.25,16.35,55.79,6.9,20.96,19.92,25.67,34.57,19.84,38.5,71533.0,775152.0,ACS_2023_5yr
HI-01,14.83,1.93,8.21,49.26,25.78,38.95,8.35,7.22,30.59,53.83,18.68,25.88,30.64,24.79,40.7,102840.0,722336.0,ACS_2023_5yr
HI-02,27.41,1.67,11.47,24.25,35.21,31.85,14.0,17.64,17.86,50.51,18.35,24.9,31.26,25.5,40.4,93555.0,723299.0,ACS_2023_5yr
IA-01,83.94,4.09,5.8,2.27,3.9,32.2,28.31,58.95,3.89,8.85,21.64,24.09,31.31,22.97,38.8,72191.0,798572.0,ACS_2023_5yr
IA-02,86.76,3.93,3.91,1.52,3.88,28.79,26.41,63.75,2.38,7.46,20.34,23.27,31.67,24.71,39.7,71627.0,795074.0,ACS_2023_5yr
IA-03,79.08,5.15,8.31,3.76,3.7,36.03,31.63,51.82,4.4,12.14,20.05,27.67,31.85,20.43,37.3,79204.0,806699.0,ACS_2023_5yr
IA-04,82.53,1.86,9.93,2.13,3.56,26.28,23.71,63.15,2.57,10.57,22.11,22.62,30.85,24.42,38.7,70703.0,795592.0,ACS_2023_5yr
ID-01,80.3,0.65,12.14,1.03,5.87,29.57,25.94,57.95,3.63,12.48,18.71,25.58,31.84,23.87,39.0,76208.0,957699.0,ACS_2023_5yr
ID-02,78.36,0.72,14.56,1.53,4.83,32.94,29.01,52.8,3.93,14.26,24.41,26.11,29.45,20.03,35.1,72927.0,935597.0,ACS_2023_5yr
IL-01,36.57,48.48,9.5,2.06,3.39,32.08,14.9,23.01,17.18,44.91,20.14,24.06,33.8,22.0,39.8,71207.0,748580.0,ACS_2023_5yr
IL-02,34.23,46.29,15.3,1.0,3.18,24.07,9.32,29.16,14.76,46.77,19.78,24.32,33.59,22.31,38.8,61514.0,743574.0,ACS_2023_5yr
IL-03,39.75,5.03,45.83,6.6,2.79,35.74,22.75,22.45,12.99,41.8,21.71,29.81,31.81,16.66,36.4,86160.0,739856.0,ACS_2023_5yr
IL-04,23.9,4.63,65.88,4.26,1.32,23.99,12.24,16.22,11.76,59.79,22.22,27.43,32.8,17.56,36.5,72717.0,733798.0,ACS_2023_5yr
IL-05,70.33,2.78,12.37,10.68,3.84,65.38,50.16,22.96,15.22,11.66,21.3,29.47,29.85,19.37,37.7,113520.0,746503.0,ACS_2023_5yr
IL-06,70.38,4.98,15.4,5.83,3.41,43.91,33.76,40.48,10.15,15.61,16.69,24.87,33.88,24.57,41.4,98177.0,746605.0,ACS_2023_5yr
IL-07,30.5,41.25,16.36,8.5,3.39,47.12,26.78,7.87,20.34,45.01,25.37,31.1,26.98,16.54,35.2,80071.0,737077.0,ACS_2023_5yr
IL-08,53.7,4.57,24.86,13.4,3.46,39.75,24.77,34.38,14.98,25.87,18.32,26.6,34.93,20.15,39.7,98112.0,749409.0,ACS_2023_5yr
IL-09,59.13,8.65,13.76,13.99,4.46,55.29,38.28,24.17,17.01,20.54,18.69,26.28,32.74,22.29,40.5,90983.0,743003.0,ACS_2023_5yr
IL-10,57.58,6.16,24.49,8.03,3.74,46.53,34.59,28.66,11.94,24.81,20.35,23.63,35.08,20.95,39.3,105792.0,752196.0,ACS_2023_5yr
IL-11,63.16,5.95,19.34,8.32,3.22,44.79,32.38,35.36,12.41,19.84,18.87,25.53,35.31,20.29,39.3,106961.0,750921.0,ACS_2023_5yr
IL-12,87.64,4.8,3.0,0.97,3.59,24.09,21.62,67.99,2.48,7.92,17.75,23.8,33.58,24.86,41.4,66758.0,748190.0,ACS_2023_5yr
IL-13,67.15,19.27,4.83,3.9,4.85,31.7,24.19,48.09,7.52,20.21,24.87,23.68,30.16,21.29,37.4,61893.0,747026.0,ACS_2023_5yr
IL-14,58.92,9.28,23.36,5.03,3.41,33.1,23.08,40.76,10.01,26.14,21.69,27.12,33.58,17.6,37.0,93186.0,759546.0,ACS_2023_5yr
IL-15,90.32,3.08,2.91,0.83,2.87,25.46,23.67,68.55,1.78,5.99,17.1,23.24,33.57,26.09,42.2,71893.0,749694.0,ACS_2023_5yr
IL-16,84.97,2.48,7.0,2.33,3.22,31.35,27.48,60.75,3.87,7.91,16.83,23.85,34.09,25.23,41.6,82941.0,750034.0,ACS_2023_5yr
IL-17,68.99,13.12,11.33,2.1,4.46,24.17,19.97,55.07,4.21,20.76,22.46,23.25,30.67,23.61,38.6,57781.0,746641.0,ACS_2023_5yr
IN-01,60.65,17.54,17.04,1.4,3.36,25.76,18.93,46.33,6.83,27.91,18.8,24.92,33.43,22.84,39.9,71994.0,755814.0,ACS_2023_5yr
IN-02,76.5,6.2,11.64,1.5,4.15,24.32,20.39,61.03,3.93,14.65,21.3,24.05,32.26,22.39,37.8,66298.0,751869.0,ACS_2023_5yr
IN-03,81.05,5.73,6.76,2.72,3.73,25.01,21.95,62.67,3.07,12.31,20.45,24.67,32.65,22.24,37.6,68691.0,757902.0,ACS_2023_5yr
IN-04,81.95,4.22,7.31,3.27,3.26,31.16,26.42,59.05,4.75,9.79,23.76,24.37,31.83,20.04,36.8,76323.0,763237.0,ACS_2023_5yr
IN-05,81.88,5.06,4.8,3.72,4.54,40.31,33.88,50.76,6.43,8.93,20.69,24.95,33.25,21.11,38.7,79250.0,764118.0,ACS_2023_5yr
IN-06,80.72,4.71,5.58,5.18,3.81,28.17,23.27,61.28,4.9,10.55,19.64,26.19,33.0,21.17,38.2,74398.0,757251.0,ACS_2023_5yr
IN-07,45.74,32.46,14.81,1.93,5.06,35.49,24.12,28.29,11.37,36.22,24.31,28.69,29.95,17.05,34.1,61229.0,750003.0,ACS_2023_5yr
IN-08,88.18,3.95,3.18,0.98,3.71,22.56,20.62,69.92,1.94,7.52,19.76,23.68,32.83,23.74,40.0,63906.0,754928.0,ACS_2023_5yr
IN-09,87.89,2.58,4.24,1.89,3.4,26.65,23.76,66.66,2.89,6.69,21.94,23.54,32.57,21.94,39.4,70206.0,756630.0,ACS_2023_5yr
KS-01,75.29,2.53,15.88,1.82,4.48,29.92,25.89,54.0,4.03,16.08,26.1,23.4,28.63,21.87,35.9,64651.0,732112.0,ACS_2023_5yr
KS-02,70.97,7.92,13.22,1.84,6.06,27.65,22.89,52.74,4.76,19.61,20.96,24.44,31.68,22.92,37.7,64362.0,732031.0,ACS_2023_5yr
KS-03,76.39,4.63,10.12,4.59,4.27,51.62,43.56,36.58,8.06,11.8,19.24,27.55,32.8,20.42,38.2,100079.0,738537.0,ACS_2023_5yr
KS-04,70.82,5.99,13.85,3.27,6.08,30.56,25.56,50.48,5.0,18.96,21.07,25.52,31.41,22.0,37.1,67563.0,734889.0,ACS_2023_5yr
KY-01,84.91,6.71,3.9,0.65,3.83,20.42,18.35,69.6,2.07,9.98,20.24,22.98,32.77,24.01,39.7,57072.0,752660.0,ACS_2023_5yr
KY-02,84.64,5.1,4.46,1.89,3.91,23.47,20.4,67.02,3.07,9.52,19.98,24.74,33.65,21.62,39.0,64922.0,759614.0,ACS_2023_5yr
KY-03,62.62,22.38,7.89,2.77,4.34,35.57,27.1,40.75,8.48,23.68,20.45,26.24,31.76,21.55,38.1,66104.0,742760.0,ACS_2023_5yr
KY-04,87.65,3.17,4.27,1.14,3.78,31.39,28.54,61.65,2.85,6.96,18.75,25.47,34.56,21.22,39.3,78569.0,756119.0,ACS_2023_5yr
KY-05,94.13,1.36,1.53,0.39,2.59,15.53,14.79,80.03,0.74,4.44,18.04,23.67,34.54,23.75,41.3,44884.0,745869.0,ACS_2023_5yr
KY-06,79.73,8.06,6.2,2.18,3.83,35.92,30.59,52.37,5.32,11.72,23.84,24.62,31.59,19.96,37.2,66879.0,753703.0,ACS_2023_5yr
LA-01,59.83,20.19,12.28,3.67,4.03,32.26,22.57,39.12,9.69,28.62,18.81,26.61,32.16,22.42,40.5,74676.0,776291.0,DRA_VAP_NH_2020+ACS_tract_new_lines
LA-02,70.03,17.89,6.6,2.1,3.39,35.56,27.22,44.31,8.33,20.14,22.49,26.02,31.25,20.24,38.0,84105.0,776306.0,DRA_VAP_NH_2020+ACS_tract_new_lines
LA-03,67.55,21.69,4.98,1.85,3.93,23.68,18.38,51.04,5.3,25.29,19.91,26.84,32.61,20.63,38.0,66350.0,776279.0,DRA_VAP_NH_2020+ACS_tract_new_lines
LA-04,60.5,29.72,4.34,1.11,4.33,20.83,14.75,47.2,6.08,31.97,19.88,25.67,31.72,22.73,39.1,58174.0,776277.0,DRA_VAP_NH_2020+ACS_tract_new_lines
LA-05,60.61,31.57,3.55,0.97,3.29,20.93,15.17,47.08,5.76,31.99,21.41,25.34,31.44,21.81,38.1,54176.0,776288.0,DRA_VAP_NH_2020+ACS_tract_new_lines
LA-06,31.5,58.19,5.71,1.69,2.92,25.85,11.45,21.31,14.4,52.84,20.72,27.32,31.72,20.24,37.8,53983.0,776316.0,DRA_VAP_NH_2020+ACS_tract_new_lines
MA-01,70.15,5.34,19.0,2.16,3.35,31.83,26.85,49.0,4.97,19.17,19.22,22.79,33.61,24.38,42.0,74087.0,776064.0,ACS_2023_5yr
MA-02,71.68,4.71,11.47,6.97,5.18,45.75,36.02,40.17,9.73,14.08,22.14,23.63,33.34,20.89,39.6,95618.0,776258.0,ACS_2023_5yr
MA-03,61.09,3.98,22.22,7.81,4.9,39.58,29.86,36.36,9.71,24.07,19.56,26.11,34.73,19.6,39.2,97616.0,777948.0,ACS_2023_5yr
MA-04,77.61,3.24,6.47,6.52,6.17,49.54,40.34,41.04,9.2,9.42,18.51,24.48,35.49,21.52,40.9,113712.0,781422.0,ACS_2023_5yr
MA-05,63.95,4.83,11.15,13.31,6.76,60.91,43.29,24.22,17.63,14.86,20.96,26.75,31.57,20.73,39.2,125082.0,773886.0,ACS_2023_5yr
MA-06,76.8,3.21,11.06,4.71,4.22,49.19,41.73,38.83,7.46,11.98,16.97,23.28,35.49,24.26,43.2,115872.0,778172.0,ACS_2023_5yr
MA-07,38.88,21.14,22.13,10.96,6.88,48.99,28.79,13.03,20.2,37.98,32.5,28.84,24.51,14.15,32.7,88740.0,768505.0,ACS_2023_5yr
MA-08,66.16,9.83,7.04,9.47,7.5,51.79,39.26,30.42,12.53,17.79,20.5,26.92,31.79,20.79,39.2,115814.0,777303.0,ACS_2023_5yr
MA-09,83.12,2.51,6.09,1.51,6.77,41.99,38.24,48.34,3.75,9.67,16.02,20.34,34.5,29.14,46.9,97651.0,782837.0,ACS_2023_5yr
MD-01,72.5,14.77,5.77,2.27,4.68,34.15,27.48,49.02,6.67,16.83,18.05,22.96,34.57,24.42,41.8,92720.0,776906.0,ACS_2023_5yr
MD-02,60.02,23.57,6.39,5.67,4.36,45.21,30.83,33.33,14.38,21.46,19.19,24.49,33.36,22.96,40.1,98346.0,769821.0,ACS_2023_5yr
MD-03,57.52,17.23,9.11,10.29,5.86,52.76,33.79,28.05,18.97,19.19,17.88,27.2,34.57,20.36,39.6,128806.0,773638.0,ACS_2023_5yr
MD-04,10.26,54.65,26.14,4.94,4.02,32.77,6.5,4.77,26.27,62.46,21.93,27.59,32.7,17.78,37.1,90739.0,758555.0,ACS_2023_5yr
MD-05,43.54,39.97,7.49,2.87,6.13,41.02,18.19,27.41,22.83,31.57,17.94,26.52,36.56,18.97,39.6,128236.0,782752.0,ACS_2023_5yr
MD-06,60.14,12.45,13.61,8.86,4.94,40.33,25.74,38.64,14.59,21.03,18.66,26.58,34.59,20.16,39.4,100216.0,784302.0,ACS_2023_5yr
MD-07,29.47,55.04,8.39,2.9,4.2,31.88,15.37,17.68,16.5,50.44,22.08,29.02,29.63,19.28,36.4,61623.0,757178.0,ACS_2023_5yr
MD-08,44.3,16.7,19.87,13.48,5.65,63.37,37.43,10.25,25.94,26.38,17.02,25.19,34.45,23.33,40.9,135007.0,767586.0,ACS_2023_5yr
ME-01,89.56,1.87,2.33,1.42,4.81,42.74,39.25,52.13,3.49,5.13,16.94,23.09,33.81,26.15,44.3,84367.0,689679.0,ACS_2023_5yr
ME-02,91.72,1.39,1.82,0.77,4.3,27.86,25.87,67.61,1.98,4.53,16.61,21.58,34.44,27.37,45.3,61795.0,687721.0,ACS_2023_5yr
MI-01,89.83,1.22,2.22,0.64,6.09,27.43,25.54,65.93,1.89,6.64,16.41,19.65,33.37,30.57,47.4,62352.0,780170.0,ACS_2023_5yr
MI-02,88.09,1.94,4.81,0.57,4.59,21.95,20.2,70.08,1.75,7.96,19.42,22.77,33.71,24.1,41.3,66266.0,780291.0,ACS_2023_5yr
MI-03,70.83,10.56,10.69,2.75,5.16,37.57,31.94,43.92,5.63,18.51,23.72,26.54,29.93,19.81,35.7,75747.0,774756.0,ACS_2023_5yr
MI-04,75.81,7.9,8.87,2.43,4.99,32.59,28.1,52.22,4.49,15.19,22.74,24.34,31.05,21.86,37.5,72434.0,775911.0,ACS_2023_5yr
MI-05,85.67,3.86,5.34,0.7,4.43,23.31,20.8,67.66,2.51,9.03,17.93,22.57,34.36,25.14,42.3,68201.0,773369.0,ACS_2023_5yr
MI-06,69.53,9.62,5.28,10.18,5.4,51.5,37.02,35.83,14.48,12.67,23.38,23.17,32.36,21.08,38.9,94632.0,768429.0,ACS_2023_5yr
MI-07,80.86,5.48,5.8,3.3,4.56,37.01,31.15,52.99,5.85,10.0,22.81,23.09,32.42,21.67,38.9,78823.0,774470.0,ACS_2023_5yr
MI-08,74.24,14.88,5.5,1.07,4.3,24.33,20.2,57.74,4.13,17.93,18.81,22.88,33.7,24.61,41.3,61521.0,771369.0,ACS_2023_5yr
MI-09,88.71,2.47,3.89,1.26,3.66,28.7,25.92,64.68,2.78,6.62,16.63,22.18,37.42,23.78,43.4,83485.0,775194.0,ACS_2023_5yr
MI-10,72.37,13.24,3.12,6.45,4.81,29.88,22.56,53.78,7.33,16.33,19.05,24.02,33.98,22.95,40.9,74956.0,770400.0,ACS_2023_5yr
MI-11,67.87,12.92,5.47,8.64,5.11,50.18,36.34,34.59,13.84,15.23,19.18,25.03,33.57,22.21,40.8,91040.0,773603.0,ACS_2023_5yr
MI-12,46.2,43.78,3.3,1.75,4.97,26.56,15.7,32.88,10.86,40.56,20.45,24.72,32.78,22.05,37.6,58942.0,766047.0,ACS_2023_5yr
MI-13,37.62,44.91,10.33,2.67,4.46,22.15,12.38,28.93,9.77,48.91,21.94,26.03,32.05,19.99,36.4,49887.0,767586.0,ACS_2023_5yr
MN-01,82.66,3.75,7.36,2.82,3.42,31.74,28.43,58.37,3.3,9.9,20.78,24.18,31.09,23.96,39.0,78094.0,713894.0,ACS_2023_5yr
MN-02,75.54,6.16,7.78,5.29,5.22,42.85,35.77,44.61,7.08,12.54,18.96,27.41,34.11,19.51,38.0,107796.0,721631.0,ACS_2023_5yr
MN-03,70.94,9.49,5.28,8.57,5.72,50.83,41.5,35.58,9.34,13.58,15.33,27.19,34.8,22.68,40.6,107603.0,706969.0,ACS_2023_5yr
MN-04,63.2,10.28,7.44,13.29,5.79,47.51,38.08,32.44,9.42,20.05,21.35,27.34,30.99,20.33,37.0,88368.0,706101.0,ACS_2023_5yr
MN-05,60.82,17.02,10.48,5.42,6.26,50.6,40.67,27.14,9.94,22.26,26.12,30.43,27.01,16.44,34.6,82864.0,707120.0,ACS_2023_5yr
MN-06,84.09,4.68,3.74,2.99,4.5,35.07,31.22,56.45,3.85,8.48,19.66,27.29,34.74,18.31,37.5,101817.0,724855.0,ACS_2023_5yr
MN-07,88.25,1.46,5.4,0.99,3.91,24.61,22.97,68.44,1.64,6.95,17.58,22.66,32.69,27.07,41.3,72339.0,714086.0,ACS_2023_5yr
MN-08,87.76,1.21,2.12,1.04,7.87,27.55,25.58,65.12,1.96,7.34,17.72,22.35,33.24,26.69,42.7,74275.0,719060.0,ACS_2023_5yr
MO-01,45.22,43.05,3.96,3.5,4.26,37.18,24.23,23.42,12.95,39.39,22.58,27.23,30.36,19.83,37.8,65087.0,769364.0,DRA_VAP_NH_2020+ACS_tract_new_lines
MO-02,86.0,2.98,2.42,4.64,3.96,45.78,38.56,47.36,7.22,6.86,16.17,23.46,34.63,25.74,43.1,102843.0,769364.0,DRA_VAP_NH_2020+ACS_tract_new_lines
MO-03,84.38,5.42,3.16,2.48,4.55,37.78,32.53,54.05,5.25,8.17,21.86,25.67,31.94,20.53,38.9,90020.0,769364.0,DRA_VAP_NH_2020+ACS_tract_new_lines
MO-04,81.72,6.63,4.78,1.63,5.24,33.18,28.02,56.35,5.16,10.46,20.26,24.97,31.68,23.1,40.0,77415.0,769364.0,DRA_VAP_NH_2020+ACS_tract_new_lines
MO-05,69.93,16.49,7.03,1.14,5.41,23.56,18.85,53.34,4.71,23.1,20.9,25.08,32.12,21.91,38.6,64170.0,769364.0,DRA_VAP_NH_2020+ACS_tract_new_lines
MO-06,83.88,4.78,4.84,1.76,4.74,29.81,25.89,59.65,3.93,10.54,19.81,25.37,32.6,22.23,39.2,77034.0,769364.0,DRA_VAP_NH_2020+ACS_tract_new_lines
MO-07,85.02,1.9,4.96,1.44,6.67,27.05,24.15,63.62,2.9,9.33,21.47,24.11,31.22,23.2,39.1,64119.0,769365.0,DRA_VAP_NH_2020+ACS_tract_new_lines
MO-08,88.28,4.22,1.94,0.83,4.73,20.26,18.39,71.46,1.87,8.28,18.75,23.76,33.45,24.03,40.7,60531.0,769364.0,DRA_VAP_NH_2020+ACS_tract_new_lines
MS-01,64.19,27.97,3.91,0.89,3.04,23.65,17.58,49.79,6.08,26.55,21.34,24.73,32.77,21.16,38.0,60877.0,743078.0,ACS_2023_5yr
MS-02,31.13,64.03,2.26,0.47,2.12,21.03,9.28,25.48,11.75,53.49,21.1,24.01,32.26,22.63,38.5,43811.0,726691.0,ACS_2023_5yr
MS-03,58.85,33.88,2.77,1.11,3.39,27.92,20.25,41.84,7.67,30.24,21.14,24.7,32.01,22.15,38.4,57738.0,738313.0,ACS_2023_5yr
MS-04,67.06,22.17,5.41,1.38,3.98,23.99,18.69,51.89,5.3,24.11,20.47,25.06,32.74,21.74,38.6,58969.0,743356.0,ACS_2023_5yr
MT-01,85.64,0.38,4.27,0.97,8.74,37.96,34.39,53.48,3.57,8.56,21.17,24.35,30.1,24.38,40.1,70599.0,556623.0,ACS_2023_5yr
MT-02,82.51,0.57,4.52,0.64,11.76,31.04,28.23,58.19,2.81,10.77,17.86,24.64,31.82,25.69,40.4,69114.0,548449.0,ACS_2023_5yr
NC-01,59.73,31.01,4.63,0.93,3.7,23.32,17.61,43.17,5.71,33.51,16.9,21.39,33.85,27.86,44.6,62227.0,745671.0,DRA_VAP_NH_2020+ACS_tract_new_lines
NC-02,56.97,22.1,10.98,5.96,3.99,53.22,37.22,20.63,16.0,26.14,23.37,28.72,31.52,16.39,37.6,97222.0,745670.0,DRA_VAP_NH_2020+ACS_tract_new_lines
NC-03,56.17,27.57,10.54,1.54,4.18,23.66,16.37,40.56,7.28,35.78,27.87,23.78,28.66,19.69,36.8,59971.0,745670.0,DRA_VAP_NH_2020+ACS_tract_new_lines
NC-04,55.79,20.16,9.8,10.35,3.89,60.52,39.28,18.5,21.24,20.98,21.89,28.58,31.75,17.77,38.2,105332.0,745671.0,DRA_VAP_NH_2020+ACS_tract_new_lines
NC-05,70.67,17.43,6.45,2.07,3.39,26.93,20.79,52.79,6.14,20.28,21.33,21.54,33.28,23.85,41.8,62221.0,745671.0,DRA_VAP_NH_2020+ACS_tract_new_lines
NC-06,66.18,17.94,8.83,3.36,3.68,29.17,20.98,46.84,8.19,23.99,19.98,24.55,33.72,21.76,40.3,71568.0,745671.0,DRA_VAP_NH_2020+ACS_tract_new_lines
NC-07,67.55,18.53,6.63,1.28,6.01,32.26,25.31,44.19,6.96,23.55,18.85,22.81,32.62,25.71,42.4,70754.0,745671.0,DRA_VAP_NH_2020+ACS_tract_new_lines
NC-08,63.62,16.45,7.82,3.29,8.82,34.01,24.65,40.03,9.36,25.96,18.74,24.6,35.78,20.88,39.9,90327.0,745671.0,DRA_VAP_NH_2020+ACS_tract_new_lines
NC-09,62.19,20.43,10.52,1.97,4.88,28.05,19.99,43.53,8.05,28.42,21.88,24.44,31.7,21.97,39.1,67899.0,745671.0,DRA_VAP_NH_2020+ACS_tract_new_lines
NC-10,69.52,15.29,9.22,2.45,3.53,31.47,24.88,46.84,6.6,21.69,19.49,23.53,34.67,22.31,40.6,73765.0,745670.0,DRA_VAP_NH_2020+ACS_tract_new_lines
NC-11,84.76,3.2,6.2,0.9,4.94,34.49,31.47,55.69,3.02,9.82,16.47,22.04,32.41,29.08,45.8,64526.0,745670.0,DRA_VAP_NH_2020+ACS_tract_new_lines
NC-12,39.47,35.87,15.16,5.68,3.82,44.37,25.11,14.97,19.26,40.66,26.38,31.07,29.25,13.29,34.7,81215.0,745670.0,DRA_VAP_NH_2020+ACS_tract_new_lines
NC-13,66.24,18.05,10.69,1.12,3.89,30.17,23.18,43.99,6.99,25.84,18.15,26.46,35.5,19.88,39.6,84328.0,745670.0,DRA_VAP_NH_2020+ACS_tract_new_lines
NC-14,70.8,14.69,7.28,3.55,3.68,34.55,25.14,46.48,9.41,18.97,17.51,25.58,35.17,21.74,41.1,81526.0,745671.0,DRA_VAP_NH_2020+ACS_tract_new_lines
ND-AL,82.52,3.17,4.49,1.54,8.28,32.28,28.65,57.53,3.64,10.19,23.79,26.38,28.63,21.21,35.7,75949.0,779361.0,ACS_2023_5yr
NE-01,78.22,3.06,11.32,2.72,4.68,35.69,31.19,51.44,4.5,12.88,24.44,25.29,29.94,20.33,35.9,77380.0,656585.0,ACS_2023_5yr
NE-02,69.12,9.34,13.0,3.94,4.59,42.54,35.87,39.07,6.66,18.4,21.34,29.17,31.07,18.42,35.6,82396.0,657288.0,ACS_2023_5yr
NE-03,81.37,1.41,12.64,0.76,3.81,24.37,22.29,63.28,2.08,12.35,18.67,22.89,31.97,26.46,40.0,66736.0,652053.0,ACS_2023_5yr
NH-01,87.37,1.44,4.64,2.58,3.97,40.41,36.54,53.0,3.87,6.59,18.96,23.0,34.77,23.28,42.7,97362.0,694195.0,ACS_2023_5yr
NH-02,87.7,1.33,4.4,2.57,4.01,39.23,35.03,54.7,4.2,6.07,17.68,22.73,35.02,24.57,43.7,93978.0,693639.0,ACS_2023_5yr
NJ-01,59.87,15.34,15.36,5.04,4.39,35.0,25.02,39.62,9.98,25.38,19.77,25.62,33.65,20.96,39.2,88471.0,773787.0,ACS_2023_5yr
NJ-02,63.97,10.72,17.5,3.68,4.13,30.46,24.23,45.12,6.23,24.41,17.17,22.31,34.67,25.85,43.0,83571.0,779492.0,ACS_2023_5yr
NJ-03,63.17,12.16,12.15,8.04,4.48,45.92,31.85,34.81,14.06,19.28,17.25,23.75,36.37,22.62,42.2,113769.0,779285.0,ACS_2023_5yr
NJ-04,80.15,3.31,11.02,2.44,3.08,39.52,33.49,48.89,6.03,11.59,17.43,21.18,33.44,27.96,41.1,95512.0,780618.0,ACS_2023_5yr
NJ-05,58.59,5.37,16.52,15.86,3.66,54.49,33.78,26.88,20.71,18.64,16.29,22.72,37.03,23.96,43.4,131132.0,772595.0,ACS_2023_5yr
NJ-06,43.13,10.83,24.17,17.76,4.11,42.06,20.96,26.38,21.11,31.55,21.69,26.04,33.25,19.02,38.4,103302.0,773496.0,ACS_2023_5yr
NJ-07,69.78,5.09,13.02,8.14,3.97,54.42,40.55,32.48,13.87,13.1,15.66,22.96,38.61,22.77,43.6,133759.0,777102.0,ACS_2023_5yr
NJ-08,25.19,7.87,51.39,11.24,4.3,40.33,16.61,11.53,23.72,48.14,21.71,34.23,29.54,14.52,35.8,81478.0,758849.0,ACS_2023_5yr
NJ-09,37.37,8.15,42.74,8.81,2.93,33.43,16.98,24.09,16.45,42.48,20.02,27.24,33.06,19.68,38.6,88130.0,763146.0,ACS_2023_5yr
NJ-10,19.26,48.08,21.3,6.3,5.06,31.98,10.72,10.19,21.26,57.83,21.74,27.53,32.23,18.5,36.9,71062.0,765978.0,ACS_2023_5yr
NJ-11,61.56,5.55,17.01,11.58,4.29,58.15,39.76,24.89,18.39,16.96,17.5,24.25,36.27,21.97,41.8,134451.0,771662.0,ACS_2023_5yr
NJ-12,39.7,15.32,22.14,19.23,3.62,48.32,23.59,21.02,24.73,30.66,18.99,25.22,34.99,20.8,40.1,108871.0,771004.0,ACS_2023_5yr
NM-01,45.6,2.47,41.44,2.63,7.87,38.92,24.46,26.86,14.46,34.22,18.57,24.96,31.39,25.08,41.2,68383.0,709243.0,ACS_2023_5yr
NM-02,29.29,1.82,60.21,1.05,7.63,23.98,12.36,21.93,11.63,54.09,23.38,24.9,29.64,22.08,36.5,57028.0,704881.0,ACS_2023_5yr
NM-03,34.63,1.15,42.82,1.1,20.3,26.83,17.19,23.1,9.64,50.07,19.26,24.44,31.23,25.07,39.7,60767.0,700644.0,ACS_2023_5yr
NV-01,40.49,8.81,36.27,7.86,6.57,25.17,15.05,31.65,10.12,43.19,19.1,26.77,32.87,21.25,38.9,67470.0,763217.0,ACS_2023_5yr
NV-02,63.2,1.92,23.68,4.08,7.11,28.85,22.48,46.6,6.37,24.55,19.07,25.45,31.85,23.63,40.1,82815.0,783965.0,ACS_2023_5yr
NV-03,43.18,9.96,21.94,16.81,8.11,34.22,18.09,29.76,16.13,36.02,18.32,28.71,32.42,20.55,39.6,80667.0,795278.0,ACS_2023_5yr
NV-04,37.0,15.38,35.08,5.31,7.23,20.75,11.46,32.02,9.28,47.23,20.66,27.46,31.98,19.9,36.9,71818.0,798540.0,ACS_2023_5yr
NY-01,71.78,4.3,15.09,5.12,3.72,47.62,38.73,37.38,8.9,14.99,18.2,20.46,36.69,24.64,44.2,134743.0,778379.0,ACS_2023_5yr
NY-02,55.02,9.47,28.95,3.19,3.36,32.42,22.78,37.17,9.64,30.41,20.0,24.73,35.73,19.55,39.7,123518.0,774678.0,ACS_2023_5yr
NY-03,55.9,2.96,14.49,22.76,3.88,51.98,31.82,27.03,20.16,20.99,16.07,21.8,35.7,26.43,44.5,137770.0,773153.0,ACS_2023_5yr
NY-04,49.75,17.15,21.8,7.18,4.11,43.75,27.37,24.94,16.38,31.31,19.31,24.24,34.43,22.02,40.6,137263.0,772033.0,ACS_2023_5yr
NY-05,13.74,40.4,20.54,15.25,10.07,27.87,6.02,8.21,21.85,63.92,19.98,24.07,34.67,21.28,40.0,85500.0,792001.0,ACS_2023_5yr
NY-06,25.89,3.94,25.02,41.16,3.99,38.92,13.57,13.66,25.34,47.43,15.39,26.28,35.11,23.22,42.8,79859.0,738059.0,ACS_2023_5yr
NY-07,36.69,10.51,35.41,12.43,4.97,44.47,24.05,13.73,20.42,41.79,25.45,34.67,25.85,14.02,34.1,90196.0,745736.0,ACS_2023_5yr
NY-08,27.93,42.38,16.6,7.77,5.32,34.18,16.23,13.6,17.95,52.22,20.01,26.84,31.43,21.73,37.8,62703.0,769904.0,ACS_2023_5yr
NY-09,32.84,41.14,11.35,8.33,6.34,37.71,17.07,13.45,20.64,48.84,20.29,28.62,30.32,20.76,36.7,74202.0,749197.0,ACS_2023_5yr
NY-10,50.44,5.88,19.27,19.52,4.89,61.68,42.55,9.57,19.13,28.75,22.11,32.65,27.53,17.7,36.5,116134.0,732690.0,ACS_2023_5yr
NY-11,52.38,6.55,18.62,19.29,3.16,36.66,23.47,32.15,13.2,31.18,17.91,25.35,34.59,22.15,40.8,89683.0,753792.0,ACS_2023_5yr
NY-12,66.31,4.51,11.34,12.97,4.86,80.18,58.42,9.17,21.76,10.65,19.85,29.3,27.35,23.5,40.6,147255.0,716964.0,ACS_2023_5yr
NY-13,15.84,23.75,51.54,5.23,3.64,35.49,13.43,3.86,22.06,60.65,23.11,28.99,30.42,17.48,36.8,54087.0,786215.0,ACS_2023_5yr
NY-14,17.49,16.34,51.87,10.96,3.33,27.98,9.52,10.63,18.46,61.39,21.4,29.0,30.45,19.14,37.0,68421.0,720139.0,ACS_2023_5yr
NY-15,9.26,30.76,54.08,2.8,3.1,21.92,5.02,5.17,16.9,72.91,22.83,27.52,32.06,17.59,34.9,45635.0,751612.0,ACS_2023_5yr
NY-16,39.88,20.17,29.12,6.22,4.61,47.93,26.94,15.65,20.99,36.42,18.65,25.21,34.19,21.95,40.5,104787.0,776130.0,ACS_2023_5yr
NY-17,64.22,7.36,20.28,4.8,3.34,48.73,35.74,30.14,13.0,21.12,18.6,22.77,35.72,22.92,40.1,125810.0,775107.0,ACS_2023_5yr
NY-18,63.32,9.96,18.87,2.85,5.0,35.35,26.4,40.75,8.95,23.91,20.99,23.78,34.01,21.23,39.5,93417.0,781059.0,ACS_2023_5yr
NY-19,81.67,3.64,6.77,3.42,4.5,33.81,29.19,56.67,4.62,9.53,22.88,20.21,31.7,25.21,41.8,68506.0,773744.0,ACS_2023_5yr
NY-20,74.41,8.29,6.43,5.21,5.66,41.93,34.5,44.57,7.44,13.5,22.34,23.63,31.72,22.3,39.9,84757.0,780015.0,ACS_2023_5yr
NY-21,88.41,2.1,4.34,1.03,4.12,26.9,24.51,65.86,2.39,7.24,19.21,22.25,33.67,24.87,42.2,71346.0,772318.0,ACS_2023_5yr
NY-22,77.48,7.94,5.77,3.76,5.04,34.13,29.66,52.93,4.47,12.94,20.55,23.07,32.72,23.66,40.1,73121.0,769228.0,ACS_2023_5yr
NY-23,89.19,2.32,3.78,0.93,3.78,30.26,27.99,63.58,2.27,6.15,16.75,21.83,35.15,26.27,44.0,70756.0,772644.0,ACS_2023_5yr
NY-24,88.14,2.55,4.23,0.9,4.17,26.12,24.2,66.38,1.92,7.5,18.57,22.54,34.37,24.52,42.1,71020.0,774291.0,ACS_2023_5yr
NY-25,68.82,13.56,9.65,3.65,4.32,40.68,33.94,40.07,6.73,19.25,20.59,24.27,32.05,23.09,39.6,74115.0,771436.0,ACS_2023_5yr
NY-26,67.06,15.54,7.35,5.54,4.52,34.8,27.89,44.97,6.91,20.23,21.62,24.85,30.86,22.67,38.6,64316.0,771795.0,ACS_2023_5yr
OH-01,72.25,17.15,3.1,3.74,3.76,42.42,34.05,39.68,8.37,17.9,22.42,26.13,31.83,19.62,38.3,88432.0,786630.0,DRA_VAP_NH_2020+ACS_tract_new_lines
OH-02,92.15,2.17,1.26,0.72,3.7,21.99,20.18,73.51,1.81,4.5,19.37,23.25,33.99,23.38,41.5,65889.0,786629.0,DRA_VAP_NH_2020+ACS_tract_new_lines
OH-03,59.46,25.07,5.33,5.69,4.46,44.59,32.77,26.81,11.82,28.61,25.87,29.38,27.84,16.91,35.7,81372.0,786630.0,DRA_VAP_NH_2020+ACS_tract_new_lines
OH-04,87.75,5.14,2.2,1.31,3.6,23.21,20.51,68.42,2.7,8.37,18.9,23.83,33.64,23.63,40.6,76431.0,786630.0,DRA_VAP_NH_2020+ACS_tract_new_lines
OH-05,84.76,4.57,6.14,1.03,3.51,24.51,21.8,64.2,2.71,11.29,20.05,22.87,33.01,24.07,41.0,71448.0,786630.0,DRA_VAP_NH_2020+ACS_tract_new_lines
OH-06,87.55,5.91,2.62,0.46,3.46,19.86,18.09,71.26,1.76,8.88,18.06,21.96,33.86,26.11,42.6,63384.0,786630.0,DRA_VAP_NH_2020+ACS_tract_new_lines
OH-07,88.02,2.87,3.03,2.94,3.14,37.6,33.11,55.31,4.49,7.08,16.4,22.69,34.58,26.33,43.9,89589.0,786630.0,DRA_VAP_NH_2020+ACS_tract_new_lines
OH-08,76.34,12.42,3.82,3.65,3.77,34.92,27.94,49.59,6.98,15.49,19.36,24.71,33.02,22.92,39.6,85949.0,786630.0,DRA_VAP_NH_2020+ACS_tract_new_lines
OH-09,78.28,11.07,5.68,1.27,3.7,27.13,23.13,56.93,4.0,15.93,18.85,23.72,33.29,24.14,41.0,73343.0,786630.0,DRA_VAP_NH_2020+ACS_tract_new_lines
OH-10,73.89,15.82,3.32,2.48,4.49,31.58,25.21,50.74,6.37,17.68,21.19,24.11,31.55,23.15,39.7,76209.0,786629.0,DRA_VAP_NH_2020+ACS_tract_new_lines
OH-11,44.52,41.82,6.88,3.09,3.68,32.58,21.48,24.94,11.1,42.47,21.71,25.48,30.78,22.03,39.3,60662.0,786630.0,DRA_VAP_NH_2020+ACS_tract_new_lines
OH-12,87.97,3.79,1.68,2.93,3.64,31.67,27.05,61.66,4.62,6.67,18.04,24.68,34.71,22.57,40.6,92096.0,786630.0,DRA_VAP_NH_2020+ACS_tract_new_lines
OH-13,77.91,12.4,2.24,3.22,4.24,34.09,29.26,50.34,4.83,15.57,20.28,23.4,32.49,23.83,41.1,76770.0,786630.0,DRA_VAP_NH_2020+ACS_tract_new_lines
OH-14,88.57,4.47,2.48,0.93,3.55,26.95,24.38,65.22,2.57,7.83,17.14,21.46,34.67,26.73,44.2,75510.0,786630.0,DRA_VAP_NH_2020+ACS_tract_new_lines
OH-15,76.85,10.0,4.93,3.93,4.29,31.99,25.18,52.92,6.81,15.09,19.63,28.84,33.21,18.31,37.8,82307.0,786630.0,DRA_VAP_NH_2020+ACS_tract_new_lines
OK-01,59.97,8.46,14.1,3.39,14.08,32.63,24.91,41.8,7.71,25.58,21.19,27.37,31.3,20.15,36.4,69305.0,799564.0,ACS_2023_5yr
OK-02,62.64,3.04,5.96,0.91,27.45,19.35,14.03,54.79,5.33,25.86,19.16,23.5,32.58,24.77,39.9,54463.0,800101.0,ACS_2023_5yr
OK-03,61.48,4.78,20.78,1.51,11.46,21.85,17.13,50.8,4.72,27.35,23.54,26.34,30.05,20.06,35.3,57932.0,797954.0,ACS_2023_5yr
OK-04,66.21,7.14,10.41,2.5,13.74,27.38,20.48,50.85,6.91,21.76,23.82,25.86,30.04,20.29,36.3,65779.0,798638.0,ACS_2023_5yr
OK-05,63.82,10.98,10.19,3.25,11.76,37.61,28.33,40.88,9.27,21.52,20.87,27.51,31.05,20.58,37.0,72855.0,799003.0,ACS_2023_5yr
OR-01,65.65,2.22,15.7,9.36,7.08,47.17,33.91,36.49,13.26,16.34,20.21,30.34,30.16,19.29,38.3,96012.0,706333.0,ACS_2023_5yr
OR-02,76.28,0.63,15.1,0.84,7.15,23.75,20.24,60.85,3.51,15.4,16.66,23.36,31.25,28.73,42.7,65531.0,707098.0,ACS_2023_5yr
OR-03,65.25,5.3,14.44,7.11,7.89,40.95,31.8,38.36,9.14,20.7,18.61,31.61,31.67,18.11,39.0,85538.0,697979.0,ACS_2023_5yr
OR-04,80.02,0.84,9.15,2.6,7.39,32.4,27.58,56.5,4.82,11.1,21.83,21.54,29.25,27.38,42.2,66715.0,707398.0,ACS_2023_5yr
OR-05,79.58,0.98,10.19,2.92,6.33,38.21,32.84,50.62,5.37,11.17,16.75,26.18,32.35,24.73,41.4,89355.0,711303.0,ACS_2023_5yr
OR-06,67.02,1.09,21.15,3.52,7.21,34.61,27.9,45.04,6.71,20.34,20.79,26.49,31.01,21.7,38.2,84014.0,708603.0,ACS_2023_5yr
PA-01,79.83,3.59,6.43,5.97,4.18,43.99,36.3,46.25,7.69,9.75,16.41,22.71,36.02,24.86,43.7,111074.0,764829.0,ACS_2023_5yr
PA-02,36.6,23.59,25.63,9.52,4.67,27.56,16.3,26.13,11.26,46.32,21.2,28.88,31.32,18.6,35.9,59781.0,751754.0,ACS_2023_5yr
PA-03,31.51,52.0,5.77,6.0,4.72,42.62,24.25,10.35,18.37,47.03,27.11,29.51,25.53,17.84,34.3,62278.0,759251.0,ACS_2023_5yr
PA-04,76.15,8.0,6.2,5.77,3.88,48.55,39.41,40.07,9.14,11.38,17.25,24.19,34.41,24.15,42.0,108583.0,768425.0,ACS_2023_5yr
PA-05,58.58,24.22,6.24,6.64,4.32,41.88,30.45,32.51,11.44,25.6,20.53,26.04,32.12,21.31,38.5,86098.0,762831.0,ACS_2023_5yr
PA-06,69.62,4.91,16.61,4.93,3.93,48.1,39.29,35.53,8.8,16.38,19.36,24.56,34.26,21.82,39.7,103651.0,771480.0,ACS_2023_5yr
PA-07,68.35,5.29,19.99,3.0,3.36,31.99,25.38,48.66,6.61,19.35,19.21,23.68,33.23,23.87,41.2,80362.0,770006.0,ACS_2023_5yr
PA-08,74.11,5.94,14.18,1.93,3.84,27.05,22.65,56.6,4.4,16.35,18.01,22.54,34.23,25.22,43.0,66602.0,765141.0,ACS_2023_5yr
PA-09,87.83,2.27,6.18,0.87,2.84,22.73,20.89,69.61,1.85,7.66,17.66,21.98,33.9,26.46,43.3,68242.0,764854.0,ACS_2023_5yr
PA-10,71.54,9.9,9.92,4.48,4.15,34.14,27.71,48.79,6.42,17.07,19.1,24.69,33.14,23.06,40.2,79951.0,772418.0,ACS_2023_5yr
PA-11,81.9,3.27,9.43,2.02,3.38,29.96,26.14,59.3,3.82,10.73,18.66,24.07,32.22,25.05,40.0,84225.0,768324.0,ACS_2023_5yr
PA-12,73.76,14.7,2.95,3.92,4.66,40.79,33.19,44.91,7.6,14.3,22.16,24.79,29.56,23.49,39.5,70333.0,761238.0,ACS_2023_5yr
PA-13,90.1,2.24,3.76,0.66,3.23,21.65,20.18,72.25,1.48,6.09,17.71,21.57,33.94,26.78,43.5,67649.0,764623.0,ACS_2023_5yr
PA-14,91.25,3.0,1.57,0.74,3.44,26.56,24.99,67.9,1.56,5.54,17.36,20.92,34.19,27.54,45.3,66147.0,760119.0,ACS_2023_5yr
PA-15,91.6,1.92,2.22,1.68,2.59,25.07,22.87,70.07,2.2,4.86,21.45,20.96,32.41,25.18,42.4,63954.0,760232.0,ACS_2023_5yr
PA-16,88.26,4.02,2.78,1.22,3.71,29.41,27.2,63.92,2.21,6.67,18.32,22.06,33.56,26.06,42.8,66474.0,763502.0,ACS_2023_5yr
PA-17,83.19,7.07,2.44,3.13,4.17,44.26,38.48,47.52,5.78,8.22,14.95,25.14,33.41,26.5,43.3,83156.0,757491.0,ACS_2023_5yr
RI-01,64.27,6.1,19.23,3.58,6.82,37.73,30.09,39.84,7.64,22.43,21.09,24.41,32.2,22.29,39.7,82270.0,543443.0,ACS_2023_5yr
RI-02,73.78,4.0,15.04,3.27,3.92,36.89,31.08,47.14,5.81,15.97,20.49,23.99,32.74,22.78,41.1,90763.0,551928.0,ACS_2023_5yr
SC-01,68.27,17.61,8.18,1.71,4.24,42.17,35.01,37.5,7.16,20.32,17.82,24.86,32.2,25.13,40.9,87997.0,748351.0,ACS_2023_5yr
SC-02,60.67,25.87,7.14,2.19,4.13,35.71,24.89,39.97,10.82,24.32,19.44,25.09,33.7,21.78,39.3,72306.0,743300.0,ACS_2023_5yr
SC-03,72.04,16.9,6.0,0.98,4.09,25.78,21.59,53.66,4.19,20.57,20.11,22.61,33.04,24.24,40.7,60987.0,740360.0,ACS_2023_5yr
SC-04,64.78,18.13,10.83,2.51,3.74,35.6,28.58,39.98,7.02,24.42,20.66,25.86,32.13,21.35,38.2,70345.0,748540.0,ACS_2023_5yr
SC-05,64.52,23.58,5.84,1.93,4.14,28.62,20.99,46.72,7.63,24.67,18.07,25.33,34.0,22.59,40.1,67972.0,745996.0,ACS_2023_5yr
SC-06,41.05,47.72,6.39,1.49,3.35,28.69,17.74,26.24,10.95,45.06,25.08,25.04,28.79,21.09,36.7,53986.0,736924.0,ACS_2023_5yr
SC-07,64.03,26.06,5.14,1.04,3.74,23.8,18.97,49.75,4.83,26.46,16.78,20.86,33.67,28.69,45.0,57825.0,749303.0,ACS_2023_5yr
SD-AL,80.26,2.16,4.59,1.39,11.59,31.1,28.03,57.0,3.07,11.9,20.48,25.09,31.15,23.27,37.7,72421.0,899194.0,ACS_2023_5yr
TN-01,89.59,2.15,3.76,0.81,3.69,22.93,21.26,70.22,1.66,6.85,18.09,21.45,34.68,25.78,43.9,58270.0,767871.0,DRA_VAP_NH_2020+ACS_tract_new_lines
TN-02,84.3,5.47,4.34,1.83,4.06,33.49,29.56,57.02,3.93,9.49,21.13,23.51,32.41,22.96,40.9,75515.0,767871.0,DRA_VAP_NH_2020+ACS_tract_new_lines
TN-03,79.9,9.55,4.78,1.5,4.27,28.67,24.49,56.91,4.18,14.42,18.57,23.83,33.45,24.14,41.5,70918.0,767871.0,DRA_VAP_NH_2020+ACS_tract_new_lines
TN-04,67.35,14.39,11.13,3.11,4.02,29.86,21.44,48.42,8.42,21.72,23.2,28.39,31.16,17.25,36.3,73944.0,767871.0,DRA_VAP_NH_2020+ACS_tract_new_lines
TN-05,63.62,26.67,4.71,1.32,3.67,27.66,20.91,44.11,6.75,28.24,20.99,25.82,32.14,21.04,38.8,66822.0,767871.0,DRA_VAP_NH_2020+ACS_tract_new_lines
TN-06,79.05,9.76,5.48,1.9,3.82,33.26,27.26,53.12,6.0,13.63,22.16,25.91,31.04,20.89,39.6,70374.0,767871.0,DRA_VAP_NH_2020+ACS_tract_new_lines
TN-07,74.91,13.22,5.79,1.86,4.23,35.77,28.34,47.77,7.42,16.46,20.14,27.41,32.58,19.88,38.7,87509.0,767871.0,DRA_VAP_NH_2020+ACS_tract_new_lines
TN-08,62.83,25.51,5.7,2.62,3.34,33.9,23.67,40.24,10.23,25.86,19.37,25.5,33.27,21.86,39.4,81377.0,767871.0,DRA_VAP_NH_2020+ACS_tract_new_lines
TN-09,58.23,30.64,5.6,2.51,3.02,28.2,18.98,41.03,9.22,30.76,19.73,25.44,34.49,20.34,38.9,77429.0,767872.0,DRA_VAP_NH_2020+ACS_tract_new_lines
TX-01,63.14,17.65,14.3,1.2,3.7,23.0,17.91,47.35,5.09,29.65,21.23,24.35,31.29,23.13,38.4,65815.0,766987.0,DRA_VAP_NH_2020+ACS_tract_new_lines
TX-02,52.66,11.0,25.8,6.49,4.05,40.3,24.2,28.46,16.1,31.24,19.68,29.74,33.62,16.97,36.8,109287.0,766987.0,DRA_VAP_NH_2020+ACS_tract_new_lines
TX-03,57.76,10.27,17.23,10.27,4.47,42.19,25.64,33.49,16.55,24.32,19.5,29.34,34.77,16.39,37.6,111092.0,766987.0,DRA_VAP_NH_2020+ACS_tract_new_lines
TX-04,60.74,8.84,10.93,14.7,4.78,49.85,28.62,32.72,21.23,17.42,18.1,28.43,34.81,18.67,39.8,118657.0,766987.0,DRA_VAP_NH_2020+ACS_tract_new_lines
TX-05,51.4,15.43,26.24,3.36,3.58,26.17,16.62,36.7,9.55,37.13,21.03,28.53,32.12,18.32,36.9,81229.0,766987.0,DRA_VAP_NH_2020+ACS_tract_new_lines
TX-06,50.71,11.75,28.21,5.29,4.05,30.33,18.29,33.86,12.04,35.8,22.57,27.74,32.22,17.47,36.6,86787.0,766987.0,DRA_VAP_NH_2020+ACS_tract_new_lines
TX-07,31.2,15.02,32.85,17.85,3.09,48.35,23.4,9.11,24.95,42.54,25.23,31.72,28.77,14.28,35.3,94470.0,766987.0,DRA_VAP_NH_2020+ACS_tract_new_lines
TX-08,41.98,16.16,31.3,7.13,3.43,32.35,17.17,27.69,15.18,39.96,23.46,28.94,31.57,16.03,35.9,84548.0,766987.0,DRA_VAP_NH_2020+ACS_tract_new_lines
TX-09,28.26,9.18,58.63,1.64,2.29,13.93,5.97,23.33,7.96,62.73,23.57,28.14,32.42,15.87,33.7,67285.0,766987.0,DRA_VAP_NH_2020+ACS_tract_new_lines
TX-10,62.52,8.94,18.86,5.88,3.8,42.47,30.68,33.12,11.79,24.41,25.22,24.99,30.89,18.9,38.9,91885.0,766987.0,DRA_VAP_NH_2020+ACS_tract_new_lines
TX-11,51.09,5.97,35.3,4.06,3.57,31.43,19.6,32.52,11.83,36.05,20.88,30.37,30.8,17.95,36.6,90240.0,766987.0,DRA_VAP_NH_2020+ACS_tract_new_lines
TX-12,53.78,8.83,29.8,3.68,3.91,30.99,22.33,34.21,8.66,34.81,22.7,29.82,30.77,16.71,36.2,85786.0,766987.0,DRA_VAP_NH_2020+ACS_tract_new_lines
TX-13,61.83,6.63,24.59,2.57,4.38,25.81,19.34,44.87,6.48,29.32,24.74,26.1,29.66,19.51,36.4,69852.0,766987.0,DRA_VAP_NH_2020+ACS_tract_new_lines
TX-14,53.55,15.39,21.58,6.03,3.45,31.35,18.59,35.81,12.76,32.84,18.96,28.44,33.92,18.68,38.1,95230.0,766987.0,DRA_VAP_NH_2020+ACS_tract_new_lines
TX-15,17.93,1.53,78.32,1.08,1.15,19.03,5.46,14.16,13.57,66.81,25.17,27.17,29.38,18.27,32.5,56978.0,766987.0,DRA_VAP_NH_2020+ACS_tract_new_lines
TX-16,13.02,3.04,80.68,1.46,1.81,26.27,5.57,7.56,20.7,66.17,25.45,26.98,29.69,17.87,35.0,63184.0,766987.0,DRA_VAP_NH_2020+ACS_tract_new_lines
TX-17,59.04,10.16,21.53,5.14,4.13,33.56,22.36,37.59,11.2,28.85,21.73,28.31,30.9,19.05,37.7,85853.0,766987.0,DRA_VAP_NH_2020+ACS_tract_new_lines
TX-18,14.74,43.0,32.17,7.63,2.46,30.88,8.81,6.63,22.08,62.48,24.24,29.64,30.13,15.98,35.7,66031.0,766987.0,DRA_VAP_NH_2020+ACS_tract_new_lines
TX-19,53.69,6.42,34.74,1.97,3.17,25.19,18.62,36.63,6.57,38.18,26.91,26.19,28.13,18.77,35.0,68395.0,766987.0,DRA_VAP_NH_2020+ACS_tract_new_lines
TX-20,18.4,9.1,66.9,2.93,2.68,21.64,7.24,11.74,14.41,66.62,24.6,29.91,29.15,16.35,34.4,59041.0,766987.0,DRA_VAP_NH_2020+ACS_tract_new_lines
TX-21,57.26,3.76,31.89,2.86,4.23,43.6,29.19,30.49,14.41,25.91,23.28,24.46,30.3,21.96,40.1,90792.0,766987.0,DRA_VAP_NH_2020+ACS_tract_new_lines
TX-22,45.86,10.2,27.03,13.47,3.44,44.42,21.45,24.18,22.97,31.4,18.48,30.02,34.21,17.29,37.7,116871.0,766987.0,DRA_VAP_NH_2020+ACS_tract_new_lines
TX-23,33.42,4.08,56.86,2.92,2.71,34.46,16.64,17.1,17.81,48.45,22.45,29.03,30.93,17.59,35.6,89531.0,766987.0,DRA_VAP_NH_2020+ACS_tract_new_lines
TX-24,63.35,6.7,15.88,9.54,4.52,52.75,35.9,28.44,16.85,18.82,18.93,27.78,35.06,18.23,39.4,130106.0,766987.0,DRA_VAP_NH_2020+ACS_tract_new_lines
TX-25,50.86,18.52,23.79,2.98,3.85,26.87,17.13,34.8,9.74,38.32,22.49,27.05,31.31,19.15,36.7,74385.0,766987.0,DRA_VAP_NH_2020+ACS_tract_new_lines
TX-26,58.91,9.49,18.0,8.93,4.66,44.49,27.98,32.45,16.51,23.06,18.12,30.71,35.26,15.91,38.8,119225.0,766987.0,DRA_VAP_NH_2020+ACS_tract_new_lines
TX-27,48.16,6.63,40.49,1.76,2.96,26.84,18.3,31.49,8.54,41.66,19.11,27.46,32.77,20.66,38.5,81616.0,766987.0,DRA_VAP_NH_2020+ACS_tract_new_lines
TX-28,8.6,0.41,89.5,0.65,0.84,18.67,2.87,6.74,15.8,74.6,25.36,27.1,30.06,17.47,32.0,55821.0,766987.0,DRA_VAP_NH_2020+ACS_tract_new_lines
TX-29,12.82,25.73,55.68,3.66,2.11,17.82,5.4,9.14,12.42,73.04,24.43,31.1,31.15,13.32,32.7,60839.0,766987.0,DRA_VAP_NH_2020+ACS_tract_new_lines
TX-30,15.42,44.69,32.36,4.71,2.81,24.17,6.22,11.01,17.96,64.82,22.95,27.92,33.49,15.65,34.8,72521.0,766987.0,DRA_VAP_NH_2020+ACS_tract_new_lines
TX-31,56.91,13.11,20.58,3.77,5.63,33.95,22.48,35.96,11.46,30.09,22.14,29.14,29.89,18.83,37.1,89947.0,766987.0,DRA_VAP_NH_2020+ACS_tract_new_lines
TX-32,52.37,12.44,21.68,9.5,4.0,38.57,23.79,29.75,14.78,31.67,22.06,27.17,32.49,18.28,38.2,91074.0,766987.0,DRA_VAP_NH_2020+ACS_tract_new_lines
TX-33,26.8,14.51,50.25,5.79,2.64,32.49,16.14,12.14,16.35,55.37,26.98,30.95,29.58,12.48,33.1,72834.0,766987.0,DRA_VAP_NH_2020+ACS_tract_new_lines
TX-34,21.26,1.82,73.71,1.58,1.63,22.83,8.22,14.26,14.61,62.91,24.51,25.87,29.97,19.65,34.7,63517.0,766987.0,DRA_VAP_NH_2020+ACS_tract_new_lines
TX-35,34.55,6.8,53.73,1.72,3.2,24.08,12.07,23.05,12.02,52.86,21.4,28.16,31.72,18.72,36.7,75940.0,766987.0,DRA_VAP_NH_2020+ACS_tract_new_lines
TX-36,48.45,17.46,23.85,6.92,3.31,28.29,16.18,34.54,12.12,37.16,20.48,27.03,32.78,19.71,37.9,82786.0,766987.0,DRA_VAP_NH_2020+ACS_tract_new_lines
TX-37,47.22,7.97,34.03,6.76,4.03,54.06,34.02,15.66,20.05,30.27,27.77,35.33,25.24,11.66,34.6,89048.0,766987.0,DRA_VAP_NH_2020+ACS_tract_new_lines
TX-38,51.84,9.45,24.36,10.71,3.63,50.2,29.5,21.92,20.7,27.88,18.45,29.67,34.2,17.68,37.7,117741.0,766986.0,DRA_VAP_NH_2020+ACS_tract_new_lines
UT-01,66.07,2.02,20.88,4.79,6.24,36.65,28.85,39.12,7.8,24.23,26.12,30.05,28.43,15.4,34.2,93188.0,817904.0,DRA_VAP_NH_2020+ACS_tract_new_lines
UT-02,81.0,1.05,11.87,1.88,4.19,34.41,30.36,51.6,4.05,13.99,25.9,29.74,28.43,15.92,32.6,98936.0,817904.0,DRA_VAP_NH_2020+ACS_tract_new_lines
UT-03,80.79,0.53,11.54,1.37,5.77,36.35,31.85,50.32,4.5,13.33,30.44,24.1,26.32,19.15,33.2,87075.0,817904.0,DRA_VAP_NH_2020+ACS_tract_new_lines
UT-04,82.64,0.69,9.5,2.64,4.53,40.3,34.5,49.11,5.8,10.59,24.35,32.73,28.66,14.26,31.6,115120.0,817904.0,DRA_VAP_NH_2020+ACS_tract_new_lines
VA-01,70.94,12.71,5.54,5.85,4.96,47.22,36.73,37.22,10.49,15.56,16.57,24.78,33.64,25.02,41.8,103501.0,796108.0,ACS_2023_5yr
VA-02,59.2,22.02,7.79,5.22,5.77,38.07,26.07,36.4,12.0,25.53,19.05,27.41,32.83,20.71,38.7,91821.0,785995.0,ACS_2023_5yr
VA-03,39.45,42.85,8.51,2.89,6.3,29.03,15.02,28.27,14.01,42.7,26.28,27.1,28.55,18.07,34.5,66051.0,776669.0,ACS_2023_5yr
VA-04,41.72,41.51,10.08,2.05,4.65,31.73,19.21,26.78,12.52,41.48,22.98,26.51,30.94,19.57,37.2,68552.0,790076.0,ACS_2023_5yr
VA-05,69.1,20.3,4.44,1.96,4.2,33.47,27.57,44.19,5.9,22.34,21.22,21.77,31.84,25.17,41.5,70085.0,792934.0,ACS_2023_5yr
VA-06,78.24,8.06,8.2,1.63,3.88,27.86,24.18,57.56,3.68,14.58,20.2,22.91,32.2,24.69,40.8,70243.0,786774.0,ACS_2023_5yr
VA-07,50.98,19.93,17.51,5.05,6.53,37.35,21.75,33.14,15.6,29.51,20.43,27.84,34.48,17.25,36.8,110546.0,797241.0,ACS_2023_5yr
VA-08,50.08,12.79,20.01,11.56,5.56,65.42,43.09,10.29,22.34,24.29,20.29,31.26,31.3,17.14,37.4,127899.0,775740.0,ACS_2023_5yr
VA-09,87.22,5.67,3.07,1.54,2.51,23.73,21.24,68.09,2.49,8.18,19.73,20.47,33.24,26.56,44.0,56863.0,783052.0,ACS_2023_5yr
VA-10,52.98,8.47,18.4,15.04,5.1,55.13,33.71,22.46,21.42,22.42,18.02,29.61,36.47,15.91,38.0,157857.0,791262.0,ACS_2023_5yr
VA-11,49.02,8.49,14.57,22.24,5.68,67.56,38.87,12.93,28.69,19.51,19.76,27.43,34.51,18.3,38.8,158319.0,781648.0,ACS_2023_5yr
VT-AL,90.57,1.16,2.49,1.63,4.16,42.63,39.23,53.09,3.4,4.28,19.55,22.06,32.98,25.4,43.0,78024.0,645254.0,ACS_2023_5yr
WA-01,59.73,2.44,10.31,20.27,7.26,51.76,29.91,33.33,21.85,14.91,18.56,32.81,31.82,16.82,37.4,131931.0,773262.0,ACS_2023_5yr
WA-02,69.61,2.7,12.35,7.08,8.26,35.7,28.29,46.45,7.41,17.85,19.97,25.24,30.51,24.28,40.3,87205.0,775731.0,ACS_2023_5yr
WA-03,75.97,1.56,11.44,3.5,7.53,28.25,23.11,57.35,5.14,14.4,17.96,25.66,33.14,23.24,40.2,87219.0,779567.0,ACS_2023_5yr
WA-04,51.05,1.14,40.45,1.53,5.83,23.78,18.24,41.82,5.53,34.4,21.68,26.89,30.5,20.92,34.8,74394.0,775997.0,ACS_2023_5yr
WA-05,79.83,1.67,8.68,2.27,7.56,31.0,26.91,57.03,4.09,11.97,21.87,24.96,30.32,22.85,38.5,71545.0,780504.0,ACS_2023_5yr
WA-06,73.49,3.24,9.1,3.94,10.23,34.13,27.89,49.98,6.24,15.88,17.83,24.53,31.05,26.59,42.3,86798.0,776086.0,ACS_2023_5yr
WA-07,63.2,4.89,9.14,14.63,8.14,65.7,45.76,20.73,19.94,13.57,24.9,32.51,26.68,15.91,36.2,122671.0,768537.0,ACS_2023_5yr
WA-08,68.89,1.78,11.13,10.2,8.01,41.06,29.14,44.31,11.91,14.64,16.14,29.01,35.3,19.55,39.3,122907.0,773534.0,ACS_2023_5yr
WA-09,40.27,12.07,14.85,22.7,10.12,41.55,21.9,23.87,19.65,34.59,20.52,29.87,31.77,17.83,37.3,97895.0,765852.0,ACS_2023_5yr
WA-10,60.28,6.83,13.3,7.34,12.25,31.33,22.28,43.86,9.06,24.81,21.87,28.61,29.96,19.56,36.6,91727.0,771914.0,ACS_2023_5yr
WI-01,74.95,5.89,12.89,1.9,4.36,30.61,26.32,54.21,4.29,15.18,19.1,24.18,34.55,22.17,40.3,77277.0,732332.0,ACS_2023_5yr
WI-02,79.8,4.06,7.04,4.66,4.44,47.55,40.69,43.46,6.86,8.99,24.35,25.77,29.91,19.97,37.2,85679.0,740255.0,ACS_2023_5yr
WI-03,89.57,1.14,3.5,2.29,3.5,27.85,25.88,66.16,1.96,5.99,22.83,22.17,31.3,23.7,39.4,70206.0,736688.0,ACS_2023_5yr
WI-04,40.97,31.73,18.18,4.7,4.42,33.22,24.01,24.9,9.21,41.88,25.22,28.22,29.02,17.54,33.8,57999.0,727084.0,ACS_2023_5yr
WI-05,86.16,1.61,6.13,2.87,3.22,40.2,35.76,53.24,4.43,6.57,16.4,23.4,35.61,24.59,43.0,94471.0,740019.0,ACS_2023_5yr
WI-06,86.73,1.9,5.56,2.6,3.2,28.4,26.28,63.82,2.12,7.78,18.2,22.9,34.18,24.73,42.2,74283.0,736607.0,ACS_2023_5yr
WI-07,90.08,0.66,2.71,1.52,5.03,25.57,23.95,68.61,1.62,5.83,15.16,21.5,35.77,27.58,45.0,71725.0,740211.0,ACS_2023_5yr
WI-08,84.42,1.51,6.33,2.35,5.4,28.99,26.3,62.14,2.69,8.86,17.98,24.19,34.44,23.39,40.8,77266.0,738827.0,ACS_2023_5yr
WV-01,91.07,3.49,1.27,0.61,3.55,21.38,19.48,72.95,1.9,5.66,17.07,22.06,33.45,27.42,43.7,52742.0,885040.0,ACS_2023_5yr
WV-02,89.34,2.93,2.76,0.88,4.09,25.19,22.97,67.99,2.22,6.82,19.68,22.95,32.97,24.4,41.6,63113.0,899422.0,ACS_2023_5yr
WY-AL,82.13,0.81,10.45,0.8,5.8,29.92,26.83,58.35,3.09,11.73,19.61,25.84,31.23,23.32,38.8,74815.0,579761.0,ACS_2023_5yr
